<?xml version="1.0" encoding="UTF-8"?>
<!DOCTYPE hibernate-mapping PUBLIC "-//Hibernate/Hibernate Mapping DTD 3.0//EN" "http://hibernate.sourceforge.net/hibernate-mapping-3.0.dtd" >
<hibernate-mapping package="com.hibtools.entities">
	<class name="Ticket" table="ticket">
		<id name="ticketNo" column="ticket_no">
			<generator class="uuid" />
		</id>
		<property name="source" />
		<property name="destination" />
		<property name="journeyDate" column="journey_dt" />
		<property name="passengerName" column="passenger_nm" />
		<property name="age" />
		<property name="gender" />
		<property name="seatNo" column="seat_no" />
		<property name="coachNo" column="coach_no" />
		<property name="amount" />
	</class>
</hibernate-mapping>