<?xml version="1.0" encoding="UTF-8"?>
<!DOCTYPE hibernate-mapping PUBLIC "-//Hibernate/Hibernate Mapping DTD 3.0//EN" "http://hibernate.sourceforge.net/hibernate-mapping-3.0.dtd" >
<hibernate-mapping package="com.manytoone.entities">
	<class name="Leave" table="tblleave">
		<id name="leaveNo" column="leave_no">
			<generator class="increment" />
		</id>
		<property name="leaveType" column="leave_type" />
		<property name="description" />
		<property name="startDate" column="start_dt" />
		<property name="endDate" column="end_dt" />
		<property name="status" column="leave_status" />

		<many-to-one name="associate" column="associate_no"
			not-null="true" />
	</class>
</hibernate-mapping>