<?xml version="1.0" encoding="UTF-8"?>
<!DOCTYPE hibernate-mapping PUBLIC "-//Hibernate/Hibernate Mapping DTD 3.0//EN" "http://hibernate.sourceforge.net/hibernate-mapping-3.0.dtd" >
<hibernate-mapping package="com.onetomanyset.entities">
	<class name="TrafficChallan" table="traffic_challan">
		<id name="challanNo" column="challan_no">
			<generator class="increment" />
		</id>
		<property name="description" />
		<property name="issuedDate" column="issued_dt" />
		<property name="violationType" column="violation_type" />
		<property name="amount" />
	</class>
</hibernate-mapping>