<?xml version="1.0" encoding="UTF-8"?>
<!DOCTYPE hibernate-mapping PUBLIC "-//Hibernate/Hibernate Mapping DTD 3.0//EN" "http://hibernate.sourceforge.net/hibernate-mapping-3.0.dtd" >
<hibernate-mapping
	package="com.onetomanylist.entities">
	<class name="ServiceCenter" table="service_center">
		<id name="serviceCenterNo" column="service_center_no">
			<generator class="increment" />
		</id>
		<property name="serviceCenterName" column="service_center_nm" />
		<property name="location" />
		<property name="company" />
		<property name="branchManager" column="branch_manager" />
		<property name="contactNo" column="contact_no" />
		<property name="emailAddress" column="email_address" />

		<list name="tokens">
			<key column="service_center_no" not-null="false" />
			<list-index column="token_seq_no" base="1" />
			<one-to-many class="Token" />
		</list>
	</class>
</hibernate-mapping>












