<?xml version="1.0" encoding="UTF-8"?>
<!DOCTYPE hibernate-configuration PUBLIC
		"-//Hibernate/Hibernate Configuration DTD 3.0//EN"
		"http://www.hibernate.org/dtd/hibernate-configuration-3.0.dtd">
<hibernate-configuration>
	<session-factory>
		<property name="connection.driver_class">com.mysql.cj.jdbc.Driver</property>
		<property name="connection.url">jdbc:mysql://localhost:3306/hibdb</property>
		<property name="connection.username">root</property>
		<property name="connection.password">root</property>
		<property name="show_sql">true</property>
		<property name="hibernate.hbm2ddl.auto">update</property>
		<property name="hibernate.dialect">org.hibernate.dialect.MySQL8Dialect</property>

		<mapping
			resource="com/inverse/entities/DeliveryAssociate.hbm.xml" />
		<mapping resource="com/inverse/entities/Parcel.hbm.xml" />

		<!-- <mapping class="com.inverse.entities.DeliveryAssociate" /> <mapping 
			class="com.inverse.entities.Parcel" /> -->
	</session-factory>
</hibernate-configuration>
