<?xml version="1.0" encoding="UTF-8"?>
<!DOCTYPE hibernate-mapping PUBLIC "-//Hibernate/Hibernate Mapping DTD 3.0//EN" "http://hibernate.sourceforge.net/hibernate-mapping-3.0.dtd" >
<hibernate-mapping package="com.otmoto.entities">
	<class name="Account" table="account">
		<id name="accountNo" column="account_no">
			<generator class="increment" />
		</id>
		<property name="accountHolderName" column="account_holder_nm" />
		<property name="accountType" column="account_type" />
		<property name="openedDate" column="opened_dt" />
		<property name="branchCode" column="branch_code" />
		<property name="balance" />
		<set name="lockers">
			<key column="account_no" unique="true" />
			<one-to-many class="Locker" />
		</set>
	</class>
</hibernate-mapping>